Name,Wait Time,Delivery Fee,Link,Delivery Address,Geoid
Philly's Best (Jingletown),N/A,4.49,https://postmates.com/store/phillys-best-jingletown/1KLs4MxmVZCQetIxNTprTQ,4014 Lakeshore Ave Oakland CA,60014038001
Dirty Burger (Oakland),55–65 min,4.49,https://postmates.com/store/dirty-burger-oakland/ysCyucfnU3mFD81lNrV4Bw,4014 Lakeshore Ave Oakland CA,60014038001
Toasty's Breakfast Burritos (Oakland),50–60 min,4.49,https://postmates.com/store/toastys-breakfast-burritos-oakland/YOWaRzZbUMSMGnPj8o9fSg,4014 Lakeshore Ave Oakland CA,60014038001
LIL BURMA (2353 E 12th St),50–60 min,4.49,https://postmates.com/store/lil-burma-2353-e-12th-st/ABiiKYxkXqyIkHo6sLBOqA,4014 Lakeshore Ave Oakland CA,60014038001
"Philly Fresh Cheesesteaks (5333 Adeline St ,)",40–50 min,4.49,https://postmates.com/store/philly-fresh-cheesesteaks-5333-adeline-st/G8cVN2B6XECblewlDZHmMg,4014 Lakeshore Ave Oakland CA,60014038001
Pressed Acai Bowls - College Ave,40–50 min,4.49,https://postmates.com/store/pressed-acai-bowls-college-ave/HYM6WUmGQpeZXGkSZpLpxg,4014 Lakeshore Ave Oakland CA,60014038001
Freddie Parker’s Pasta & Salad Shop - Oakland -Adeline,35–45 min,4.49,https://postmates.com/store/freddie-parkers-pasta-%26-salad-shop-oakland-adeline/ZIyTsjgRUh-ipaT4dxvwlA,4014 Lakeshore Ave Oakland CA,60014038001
Cris Las Palmas,45–55 min,6.49,https://postmates.com/store/cris-las-palmas/IG-BhS41XXC9fji8GY7yGg,4014 Lakeshore Ave Oakland CA,60014038001
Guru Curry House,35–45 min,2.49,https://postmates.com/store/guru-curry-house/MYU-FAU8QBaA6r-i2wD5ag,4014 Lakeshore Ave Oakland CA,60014038001
Nikko Sushi,55–65 min,3.49,https://postmates.com/store/nikko-sushi/hBJ6A1XoTjC0yWqoqtXodA,4014 Lakeshore Ave Oakland CA,60014038001
Zachary's Chicago Pizza - Grand Lake,45–55 min,1.49,https://postmates.com/store/zacharys-chicago-pizza-grand-lake/9tfcRw9BQCSY33jotz1M7g,4014 Lakeshore Ave Oakland CA,60014038001
SAVEMORE MARKET & LIQUOR,20–30 min,3.99,https://postmates.com/store/savemore-market-%26-liquor/DexkeUbyR86zELCtTXsK_A,4014 Lakeshore Ave Oakland CA,60014038001
Zachary's Chicago Pizza - Oakland,60–70 min,1.49,https://postmates.com/store/zacharys-chicago-pizza-oakland/jH38XumgTaSUc_NcUqsc_w,4014 Lakeshore Ave Oakland CA,60014038001
Holly's Mandarin,40–50 min,1.49,https://postmates.com/store/hollys-mandarin/8OyAf4vqThCs-GEvUcdN3g,4014 Lakeshore Ave Oakland CA,60014038001
Starbucks (3347 Lakeshore Avenue),20–30 min,3.49,https://postmates.com/store/starbucks-3347-lakeshore-avenue/Ls-yIiW9Q8qCMPqPMWcClw,4014 Lakeshore Ave Oakland CA,60014038001
Yang Chow Restaurant,25–35 min,3.49,https://postmates.com/store/yang-chow-restaurant/qpzjU8z6Q1mJROC7n4rbtg,4014 Lakeshore Ave Oakland CA,60014038001
Tender Greens (2071 University Ave),45–55 min,5.49,https://postmates.com/store/tender-greens-2071-university-ave/P-jHqO02RuG9N2eoMiCcgQ,4014 Lakeshore Ave Oakland CA,60014038001
Oasis Kitchen,35–45 min,3.49,https://postmates.com/store/oasis-kitchen/TUTMMZBOTcSD4M3BPbzCCw,4014 Lakeshore Ave Oakland CA,60014038001
United Paleteria Y Neveria,45–55 min,5.49,https://postmates.com/store/united-paleteria-y-neveria/iJ9huukLTxKkJR3CmiqeDw,4014 Lakeshore Ave Oakland CA,60014038001
Peony Seafood Restaurant,55–65 min,4.49,https://postmates.com/store/peony-seafood-restaurant/QEOk7p7BSverc0eLEzY47Q,4014 Lakeshore Ave Oakland CA,60014038001
Cana,30–40 min,3.49,https://postmates.com/store/cana/Rw1C_OxKSLqe_8tpnGC0LA,4014 Lakeshore Ave Oakland CA,60014038001
Philz Coffee (College Ave),40–50 min,4.49,https://postmates.com/store/philz-coffee-college-ave/IAdZQevpTHKt2IoGZyO6Lw,4014 Lakeshore Ave Oakland CA,60014038001
Cheers On Demand,30–40 min,4.99,https://postmates.com/store/cheers-on-demand/gPB00Yi_TwChqjwRxaEEGw,4014 Lakeshore Ave Oakland CA,60014038001
Shake Shack (1954 Telegraph Avenue),30–40 min,4.49,https://postmates.com/store/shake-shack-1954-telegraph-avenue/W7fSKEGQQfyE1wOrUGiv_w,4014 Lakeshore Ave Oakland CA,60014038001
"The Halal Guys -Oakland, CA",25–35 min,4.49,https://postmates.com/store/the-halal-guys-oakland-ca/cmDGubBHTmW6TBJZXKPQrA,4014 Lakeshore Ave Oakland CA,60014038001
Pho K & K,40–50 min,5.49,https://postmates.com/store/pho-k-%26-k/C7mFcjiQS7u6u_UbugTz4w,4014 Lakeshore Ave Oakland CA,60014038001
Aguachiles El Tamarindo,40–50 min,4.49,https://postmates.com/store/aguachiles-el-tamarindo/etqdPslSTRmHFvb4QsLU4g,4014 Lakeshore Ave Oakland CA,60014038001
Sticky Rice Cafe,40–50 min,4.49,https://postmates.com/store/sticky-rice-cafe/6bhWfR4ZTJeahMlfKEZTEA,4014 Lakeshore Ave Oakland CA,60014038001
Burma Superstar Oakland,50–60 min,1.49,https://postmates.com/store/burma-superstar-oakland/xeA1AUSIQw-uxabQGWDlvg,4014 Lakeshore Ave Oakland CA,60014038001
Rush Bowls (Oakland),35–45 min,5.49,https://postmates.com/store/rush-bowls-oakland/PXhP9GWPS06GgxEHdH1-zQ,4014 Lakeshore Ave Oakland CA,60014038001
Aburaya,45–55 min,4.49,https://postmates.com/store/aburaya/IRRvg68-SOSfp1V__u6pSA,4014 Lakeshore Ave Oakland CA,60014038001
Panda Express (500 12th Street B132),25–35 min,5.49,https://postmates.com/store/panda-express-500-12th-street-b132/kqJVpI4PSt-bRffYkmDRYQ,4014 Lakeshore Ave Oakland CA,60014038001
Chipotle Mexican Grill (3271 Lakeshore Ave),25–35 min,4.49,https://postmates.com/store/chipotle-mexican-grill-3271-lakeshore-ave/zIypd5XLSOq6pyOJFCLuSA,4014 Lakeshore Ave Oakland CA,60014038001
McDonald's® (Telegraph Ave),25–35 min,5.49,https://postmates.com/store/mcdonalds-telegraph-ave/nf_exyiKQEmtZ5X7RbsDOQ,4014 Lakeshore Ave Oakland CA,60014038001
Wendy's (5211 Broadway),25–35 min,4.49,https://postmates.com/store/wendys-5211-broadway/16E14EGDQa-Xt1M_8ISttw,4014 Lakeshore Ave Oakland CA,60014038001
Carl's Jr. (3770 Telegraph Ave),25–35 min,4.49,https://postmates.com/store/carls-jr-3770-telegraph-ave/65IF872dQS-UEJE7_tRsGA,4014 Lakeshore Ave Oakland CA,60014038001
sweetgreen (9th+Broadway),35–45 min,5.49,https://postmates.com/store/sweetgreen-9th%2Bbroadway/gdJ-JqmAQdKyFQz1gJLxhQ,4014 Lakeshore Ave Oakland CA,60014038001
Abba's Hummus And New York Deli,20–30 min,3.49,https://postmates.com/store/abbas-hummus-and-new-york-deli/gu4V4z9vQe6zj_ATPNAXrA,4014 Lakeshore Ave Oakland CA,60014038001
"The Habit Burger Grill (5108 Broadway, Suite K105)",20–30 min,3.49,https://postmates.com/store/the-habit-burger-grill-5108-broadway-suite-k105/bZtmxBaqQt2zgCZeXC5itg,4014 Lakeshore Ave Oakland CA,60014038001
Quickly (3306 Lakeshore Ave),20–30 min,4.49,https://postmates.com/store/quickly-3306-lakeshore-ave/fsaT60ryRyKd8huM0uMnuw,4014 Lakeshore Ave Oakland CA,60014038001
Cheese Steak Shop - Oakland,20–30 min,3.49,https://postmates.com/store/cheese-steak-shop-oakland/TivnBed1QUG7IMh_VFI8QA,4014 Lakeshore Ave Oakland CA,60014038001
Cafe Umami,20–30 min,4.49,https://postmates.com/store/cafe-umami/DjB_MqLjT1uD6Ujz1IkNtA,4014 Lakeshore Ave Oakland CA,60014038001
Miss Saigon - Oakland,20–30 min,3.49,https://postmates.com/store/miss-saigon-oakland/bdQREgIFTLCcbtb571oW3Q,4014 Lakeshore Ave Oakland CA,60014038001
Proposition Chicken (Oakland),20–30 min,3.49,https://postmates.com/store/proposition-chicken-oakland/uaTkjdh5RB6vHY_b_juiCA,4014 Lakeshore Ave Oakland CA,60014038001
Taco Bell (3535 35th Avenue),20–30 min,5.49,https://postmates.com/store/taco-bell-3535-35th-avenue/J8yXXj1BQUaoPe_czUUktA,4014 Lakeshore Ave Oakland CA,60014038001
Mr. Green Bubble - Piedmont,25–35 min,3.49,https://postmates.com/store/mr-green-bubble-piedmont/4K8u_jiaS-WOiJDss2QQYw,4014 Lakeshore Ave Oakland CA,60014038001
Man vs. Fries (SFO16-1),45–55 min,5.49,https://postmates.com/store/man-vs-fries-sfo16-1/7d4K56e5Scq9IbwihpQLcA,4014 Lakeshore Ave Oakland CA,60014038001
Kokolo Donburi,50–60 min,4.49,https://postmates.com/store/kokolo-donburi/r5_SZUx6Q7mgrrScHyFxLA,4014 Lakeshore Ave Oakland CA,60014038001
What The Cluck (Oakland),35–45 min,5.49,https://postmates.com/store/what-the-cluck-oakland/kKJasoNlT0ezErPFirRYTw,4014 Lakeshore Ave Oakland CA,60014038001
Yi Fang Taiwan Fruit Tea,50–60 min,5.49,https://postmates.com/store/yi-fang-taiwan-fruit-tea/Hc_S-pE-QWGOOR5KuKZ53w,4014 Lakeshore Ave Oakland CA,60014038001
MIXT - Oakland,35–45 min,4.49,https://postmates.com/store/mixt-oakland/Ypwl-PSVSPmOa8FLP0L6Fw,4014 Lakeshore Ave Oakland CA,60014038001
The Crepe Pan (Piedmont Ave),25–35 min,3.49,https://postmates.com/store/the-crepe-pan-piedmont-ave/rF-o-1sgTx-tdPjIRpwkWQ,4014 Lakeshore Ave Oakland CA,60014038001
Genji Sushi (Harrison),30–40 min,3.49,https://postmates.com/store/genji-sushi-harrison/yNZSHlh5R5W5eljNASOUxg,4014 Lakeshore Ave Oakland CA,60014038001
Crepevine - Rockridge,30–40 min,3.49,https://postmates.com/store/crepevine-rockridge/sAQj47EfSbKZK-teSiJe4w,4014 Lakeshore Ave Oakland CA,60014038001
Jamba Juice (1982 Pleasant Valley Ave),25–35 min,4.49,https://postmates.com/store/jamba-juice-1982-pleasant-valley-ave/3coL3LmiSgCEHVvtblISgA,4014 Lakeshore Ave Oakland CA,60014038001
Fresh and Best Cafe 2,45–55 min,4.49,https://postmates.com/store/fresh-and-best-cafe-2/SYrNr4HHRHyyC5B7m5B7jQ,4014 Lakeshore Ave Oakland CA,60014038001
Enssaro,45–55 min,3.49,https://postmates.com/store/enssaro/2wFo7bp_Q5uKswHeG9y6ng,4014 Lakeshore Ave Oakland CA,60014038001
Bowl'd Acai (Oakland),30–40 min,4.49,https://postmates.com/store/bowld-acai-oakland/tvTvJCjQTSOeQ-NZyZEQEQ,4014 Lakeshore Ave Oakland CA,60014038001
Hashtag Poki,30–40 min,5.49,https://postmates.com/store/hashtag-poki/f8NGKQzeRhixZw325foNqw,4014 Lakeshore Ave Oakland CA,60014038001
Gordo Taqueria - Berkeley,40–50 min,5.49,https://postmates.com/store/gordo-taqueria-berkeley/t4b3e7yXS4u7LTRJiLYKsw,4014 Lakeshore Ave Oakland CA,60014038001
Hawking Bird,35–45 min,4.49,https://postmates.com/store/hawking-bird/UthXEUsrRUa-mLbE8wnbLA,4014 Lakeshore Ave Oakland CA,60014038001
Poke Zone,50–60 min,4.49,https://postmates.com/store/poke-zone/EIgQ2_SiRDiEMLC7TWzyUQ,4014 Lakeshore Ave Oakland CA,60014038001
House of Curries - Sacramento,40–50 min,5.49,https://postmates.com/store/house-of-curries-sacramento/Hyr5DND8TcuUrjddFxLgJQ,4014 Lakeshore Ave Oakland CA,60014038001
The Coffee Mill & Bakery,30–40 min,3.49,https://postmates.com/store/the-coffee-mill-%26-bakery/dZbRexEVSXCCfCbM3B29hQ,4014 Lakeshore Ave Oakland CA,60014038001
Falafel boy,30–40 min,4.49,https://postmates.com/store/falafel-boy/KiZtk-k-Toug7iHzzYScbA,4014 Lakeshore Ave Oakland CA,60014038001
Ike's Love & Sandwiches - Broadway,35–45 min,4.49,https://postmates.com/store/ikes-love-%26-sandwiches-broadway/SbtyvjuvQkGyOP15NXcJkw,4014 Lakeshore Ave Oakland CA,60014038001
Ikaros Greek Restaurant,30–40 min,2.49,https://postmates.com/store/ikaros-greek-restaurant/ZJ4HKiyWTAGK6cs9iJzSNQ,4014 Lakeshore Ave Oakland CA,60014038001
Popeyes (1200 Clay St),30–40 min,5.49,https://postmates.com/store/popeyes-1200-clay-st/sOiizhCnRXuNgW2Mhs2atw,4014 Lakeshore Ave Oakland CA,60014038001
Curry Up Now - Oakland,30–40 min,4.49,https://postmates.com/store/curry-up-now-oakland/vRVZnU7ORN6YXSTF_Nx8NQ,4014 Lakeshore Ave Oakland CA,60014038001
ButtercuP - Jack London,50–60 min,5.49,https://postmates.com/store/buttercup-jack-london/H76L4-dPQXalS-aXHWtVzg,4014 Lakeshore Ave Oakland CA,60014038001
7-Eleven (2411 Macarthur Blvd),25–35 min,4.99,https://postmates.com/store/7-eleven-2411-macarthur-blvd/GwiUjZ8kRe6y_HUT1rXz2A,4014 Lakeshore Ave Oakland CA,60014038001
Kimchi Garden,50–60 min,5.49,https://postmates.com/store/kimchi-garden/N6xOahNaQh6kA1d8tuSXoA,4014 Lakeshore Ave Oakland CA,60014038001
Patatas,40–50 min,4.49,https://postmates.com/store/patatas/NZLDUKJgS1akmGKv7wyOwg,4014 Lakeshore Ave Oakland CA,60014038001
The Golden Squirrel,35–45 min,4.49,https://postmates.com/store/the-golden-squirrel/IZX2QfJnSNKrjKU-CxcWDA,4014 Lakeshore Ave Oakland CA,60014038001
Mosaic Mediterranean Cafe,40–50 min,4.49,https://postmates.com/store/mosaic-mediterranean-cafe/rNi0QN0LRemaKAkJqJ2J_A,4014 Lakeshore Ave Oakland CA,60014038001
Pintoh Thai Street Food,45–55 min,4.49,https://postmates.com/store/pintoh-thai-street-food/jx7RYQ-xSWuaJB2ZvRgvaA,4014 Lakeshore Ave Oakland CA,60014038001
Cafe Crush,35–45 min,3.49,https://postmates.com/store/cafe-crush/V8XvOlJ5RpmwoH4WzyYcyg,4014 Lakeshore Ave Oakland CA,60014038001
Organic Greens,40–50 min,4.49,https://postmates.com/store/organic-greens/YKMf-QEdRsW2cFsZSwridw,4014 Lakeshore Ave Oakland CA,60014038001
Jack's Cheese steaks,35–45 min,4.49,https://postmates.com/store/jacks-cheese-steaks/u1MkCJg7TfyGawjZMYiOWg,4014 Lakeshore Ave Oakland CA,60014038001
Eureka! (Berkeley),45–55 min,4.49,https://postmates.com/store/eureka!-berkeley/3y8qrlQITfGunTXURT3TxQ,4014 Lakeshore Ave Oakland CA,60014038001
Dirty Burger (Lafayette),65–75 min,N/A,https://postmates.com/store/dirty-burger-lafayette/uryBZ-S7UESuSeJylLdsOg,4014 Lakeshore Ave Oakland CA,60014038001
Alley Kitchens,55–65 min,5.49,https://postmates.com/store/alley-kitchens/D0hQ7zILRDKcCV8s7_J8Dw,4014 Lakeshore Ave Oakland CA,60014038001
Pizza Amigos,35–45 min,4.49,https://postmates.com/store/pizza-amigos/ir9k01i0QXKorPp0zhXxSw,4014 Lakeshore Ave Oakland CA,60014038001
Mr. Pickle's Sandwich Shop - El Cerrito,55–65 min,13.49,https://postmates.com/store/mr-pickles-sandwich-shop-el-cerrito/QOYitDwhRt2EFpSLXO6yDw,4014 Lakeshore Ave Oakland CA,60014038001
Oori Rice Triangles,60–70 min,8.49,https://postmates.com/store/oori-rice-triangles/2ggJ14ycTge_WnqNDSDCRg,4014 Lakeshore Ave Oakland CA,60014038001
Kim's Cafe & Sandwiches,55–65 min,7.49,https://postmates.com/store/kims-cafe-%26-sandwiches/0Gd3rPXIRsGO-PxiffhqMg,4014 Lakeshore Ave Oakland CA,60014038001
La Estrella Food Truck,40–50 min,13.49,https://postmates.com/store/la-estrella-food-truck/1S1RJ9zXQC23uwBxwtXR3A,4014 Lakeshore Ave Oakland CA,60014038001
Zarri's Delicatessan,50–60 min,7.49,https://postmates.com/store/zarris-delicatessan/dXMxvthyQIWRFVFOr5f-Nw,4014 Lakeshore Ave Oakland CA,60014038001
Taco Bell (635 San Pablo Ave),45–55 min,8.49,https://postmates.com/store/taco-bell-635-san-pablo-ave/QdBnSAOlQKKqAtc4dgrSNg,4014 Lakeshore Ave Oakland CA,60014038001
"Yunnan Style Rice Noodle - El Cerrito, CA",70–80 min,12.49,https://postmates.com/store/yunnan-style-rice-noodle-el-cerrito-ca/rQqESal_Rrirk6TVezTrDA,4014 Lakeshore Ave Oakland CA,60014038001
Panda Express (5108 BroadwaySuite K108),30–40 min,4.49,https://postmates.com/store/panda-express-5108-broadwaysuite-k108/uSgxxZWKSzqGVCwpWtE1uw,4014 Lakeshore Ave Oakland CA,60014038001
McDonald's® (Jackson St),30–40 min,5.49,https://postmates.com/store/mcdonalds-jackson-st/mqXdYXpERpG2iQVIdgBnEQ,4014 Lakeshore Ave Oakland CA,60014038001
Main Squeeze - Oakland,15–25 min,3.49,https://postmates.com/store/main-squeeze-oakland/C5MHKfjGTMyzc6irEgW0rg,4014 Lakeshore Ave Oakland CA,60014038001
Burger King (4424 Broadway),25–35 min,4.49,https://postmates.com/store/burger-king-4424-broadway/kp8WQrf_QeyaMvuvRBeNPg,4014 Lakeshore Ave Oakland CA,60014038001
The Well,35–45 min,3.49,https://postmates.com/store/the-well/LOtIrnBdQzutwv7mtIpE4Q,4014 Lakeshore Ave Oakland CA,60014038001
Mendocino Farms (Oakland),40–50 min,4.49,https://postmates.com/store/mendocino-farms-oakland/8hfw-KMeUSWg1gwNwjVHgg,4014 Lakeshore Ave Oakland CA,60014038001
Ladle & Leaf,30–40 min,4.49,https://postmates.com/store/ladle-%26-leaf/U648_up6TgaumdJzVovdVQ,4014 Lakeshore Ave Oakland CA,60014038001
Neecha Thai,25–35 min,3.49,https://postmates.com/store/neecha-thai/TBGbjWCKSw-kdVgOkn2BpA,4014 Lakeshore Ave Oakland CA,60014038001
City Cup & Coffee,25–35 min,5.49,https://postmates.com/store/city-cup-%26-coffee/X7Tp6p3MSkiDt9GGSsF1kQ,4014 Lakeshore Ave Oakland CA,60014038001
Honey Baked Ham (Oakland),30–40 min,3.49,https://postmates.com/store/honey-baked-ham-oakland/18z_HNHLR9SfT3MDbQ4axQ,4014 Lakeshore Ave Oakland CA,60014038001
Taco Bell (2255 Telegraph Avenue),25–35 min,5.49,https://postmates.com/store/taco-bell-2255-telegraph-avenue/6jtOSFsFQx-TwP7MLmcCvA,4014 Lakeshore Ave Oakland CA,60014038001
Pho Vy Vietnamese Cuisine,35–45 min,4.49,https://postmates.com/store/pho-vy-vietnamese-cuisine/UMDuSmk9TtWuqbv1xuF31w,4014 Lakeshore Ave Oakland CA,60014038001
Los Cantaros Restaurant,30–40 min,3.49,https://postmates.com/store/los-cantaros-restaurant/LLvoRKEOQcmrNPUihZRChQ,4014 Lakeshore Ave Oakland CA,60014038001
Shangri-la Vegan - Telegraph,30–40 min,4.49,https://postmates.com/store/shangri-la-vegan-telegraph/7k15bf9xRw--Ep0WCtHIAA,4014 Lakeshore Ave Oakland CA,60014038001
Flipside Burgers,25–35 min,3.49,https://postmates.com/store/flipside-burgers/EQuPP3kxQRyotGZkBSIidg,4014 Lakeshore Ave Oakland CA,60014038001
Senor Sisig (Oakland),40–50 min,3.49,https://postmates.com/store/senor-sisig-oakland/NHI6kNATTcOC1ik0u7WX7g,4014 Lakeshore Ave Oakland CA,60014038001
Cafe Romanat,40–50 min,3.49,https://postmates.com/store/cafe-romanat/3cdOCOHHSNatpMoK1hhDOw,4014 Lakeshore Ave Oakland CA,60014038001
Pho Anh Dao,30–40 min,3.49,https://postmates.com/store/pho-anh-dao/zwQc0IlSRaa6fmU6-x1SRQ,4014 Lakeshore Ave Oakland CA,60014038001
Lynn and Lu's Escapade Cafe,30–40 min,3.49,https://postmates.com/store/lynn-and-lus-escapade-cafe/pOC1xOTeQkSPY90xxk9dRw,4014 Lakeshore Ave Oakland CA,60014038001
Taiwan Bento & Bao,35–45 min,4.49,https://postmates.com/store/taiwan-bento-%26-bao/ROLAvZz4QkmOTHqYaD0JVA,4014 Lakeshore Ave Oakland CA,60014038001
The Posh Bagel - Piedmont,30–40 min,3.49,https://postmates.com/store/the-posh-bagel-piedmont/EpuvLMjjTSitPLqlFg82mw,4014 Lakeshore Ave Oakland CA,60014038001
Subway (6341 Shattuck Ave),25–35 min,5.49,https://postmates.com/store/subway-6341-shattuck-ave/JMZ_j9U-QhqdAsz49PsiiA,4014 Lakeshore Ave Oakland CA,60014038001
"Los Cantaros Taqueria -Emeryville, CA",35–45 min,5.49,https://postmates.com/store/los-cantaros-taqueria-emeryville-ca/lhzVwWt1TjeQwVOSLn7RKg,4014 Lakeshore Ave Oakland CA,60014038001
Oori Rice Triangles - College Ave,40–50 min,4.49,https://postmates.com/store/oori-rice-triangles-college-ave/OYTiAF9SSRq-fTHimkQ_kQ,4014 Lakeshore Ave Oakland CA,60014038001
Koffee Pot,35–45 min,4.49,https://postmates.com/store/koffee-pot/cvTMPKnmSAm-BNMiyyqJAg,4014 Lakeshore Ave Oakland CA,60014038001
Vegan Mob,25–35 min,1.49,https://postmates.com/store/vegan-mob/ilO2qPkbSPiS1sNV7Jxw_g,4014 Lakeshore Ave Oakland CA,60014038001
Ginza Japanese Restaurant,50–60 min,3.49,https://postmates.com/store/ginza-japanese-restaurant/CypLHurKQbqN4jLaRv0dEQ,4014 Lakeshore Ave Oakland CA,60014038001
Marufuku Ramen,40–50 min,4.49,https://postmates.com/store/marufuku-ramen/ejgEClSCR8i0-CE0g9t4dA,4014 Lakeshore Ave Oakland CA,60014038001
Genji Japanese Restaurant,40–50 min,4.49,https://postmates.com/store/genji-japanese-restaurant/ed_GZRqDQOKYH1_hldQPAQ,4014 Lakeshore Ave Oakland CA,60014038001
Church's Chicken (4155 Telegraph Avenue),50–60 min,5.49,https://postmates.com/store/churchs-chicken-4155-telegraph-avenue/lENYUP7sSO2_SJ9tbhY0OA,4014 Lakeshore Ave Oakland CA,60014038001
Yokee Milk Tea,40–50 min,4.49,https://postmates.com/store/yokee-milk-tea/-5cdyX3sTr28vl-aJfZGyA,4014 Lakeshore Ave Oakland CA,60014038001
Dozo Ramen,30–40 min,3.49,https://postmates.com/store/dozo-ramen/4lmQgTATQUqzLoGoZHNU5g,4014 Lakeshore Ave Oakland CA,60014038001
Sweet Bar Bakery,30–40 min,5.49,https://postmates.com/store/sweet-bar-bakery/K7n6RjXYQx60sXU_ZZhsJA,4014 Lakeshore Ave Oakland CA,60014038001
SLIVER Pizzeria (Oakland),30–40 min,3.49,https://postmates.com/store/sliver-pizzeria-oakland/HLzX0wPbQgSgwMzYYYU6tw,4014 Lakeshore Ave Oakland CA,60014038001
Jong Ga House,30–40 min,2.49,https://postmates.com/store/jong-ga-house/Y55ADXEURvCbJMjuYKRNKA,4014 Lakeshore Ave Oakland CA,60014038001
